--
-- The Archetype is configured with "hibernate.hbm2ddl.auto" value="create-drop" in "persistence.xml".
--
-- This will cause hibernate to populate the database when the application is started by processing the files that
-- were configured in the hibernate.hbm2ddl.import_files property.
--
-- This file is responsible for loading the permissions for pricelist module.
--

INSERT INTO BLC_ADMIN_PERMISSION (ADMIN_PERMISSION_ID, DESCRIPTION, NAME, PERMISSION_TYPE) VALUES (-10000,'Create PriceList','PERMISSION_CREATE_PRICELIST', 'CREATE');
INSERT INTO BLC_ADMIN_PERMISSION (ADMIN_PERMISSION_ID, DESCRIPTION, NAME, PERMISSION_TYPE) VALUES (-10001,'Update PriceList','PERMISSION_UPDATE_PRICELIST', 'UPDATE');
INSERT INTO BLC_ADMIN_PERMISSION (ADMIN_PERMISSION_ID, DESCRIPTION, NAME, PERMISSION_TYPE) VALUES (-10002,'Delete PriceList','PERMISSION_DELETE_PRICELIST', 'DELETE');
INSERT INTO BLC_ADMIN_PERMISSION (ADMIN_PERMISSION_ID, DESCRIPTION, NAME, PERMISSION_TYPE) VALUES (-10003,'Read PriceList','PERMISSION_READ_PRICELIST', 'READ');
INSERT INTO BLC_ADMIN_PERMISSION (ADMIN_PERMISSION_ID, DESCRIPTION, NAME, PERMISSION_TYPE) VALUES (-10004,'All PriceList','PERMISSION_ALL_PRICELIST', 'ALL');

INSERT INTO BLC_ADMIN_PERMISSION (ADMIN_PERMISSION_ID, DESCRIPTION, NAME, PERMISSION_TYPE) VALUES (-10005,'Create PriceList Rules','PERMISSION_CREATE_PRICELISTRULE', 'CREATE');
INSERT INTO BLC_ADMIN_PERMISSION (ADMIN_PERMISSION_ID, DESCRIPTION, NAME, PERMISSION_TYPE) VALUES (-10006,'Update PriceList Rules','PERMISSION_UPDATE_PRICELISTRULE', 'UPDATE');
INSERT INTO BLC_ADMIN_PERMISSION (ADMIN_PERMISSION_ID, DESCRIPTION, NAME, PERMISSION_TYPE) VALUES (-10007,'Delete PriceList Rules','PERMISSION_DELETE_PRICELISTRULE', 'DELETE');
INSERT INTO BLC_ADMIN_PERMISSION (ADMIN_PERMISSION_ID, DESCRIPTION, NAME, PERMISSION_TYPE) VALUES (-10008,'Read PriceList Rules','PERMISSION_READ_PRICELISTRULE', 'READ');
INSERT INTO BLC_ADMIN_PERMISSION (ADMIN_PERMISSION_ID, DESCRIPTION, NAME, PERMISSION_TYPE) VALUES (-10009,'All PriceList Rules','PERMISSION_ALL_PRICELISTRULE', 'ALL');

INSERT INTO BLC_ADMIN_PERMISSION_ENTITY (ADMIN_PERMISSION_ENTITY_ID, CEILING_ENTITY, ADMIN_PERMISSION_ID) VALUES (-10000, 'com.broadleafcommerce.pricelist.domain.PriceList', -10000);
INSERT INTO BLC_ADMIN_PERMISSION_ENTITY (ADMIN_PERMISSION_ENTITY_ID, CEILING_ENTITY, ADMIN_PERMISSION_ID) VALUES (-10001, 'com.broadleafcommerce.pricelist.domain.PriceList', -10001);
INSERT INTO BLC_ADMIN_PERMISSION_ENTITY (ADMIN_PERMISSION_ENTITY_ID, CEILING_ENTITY, ADMIN_PERMISSION_ID) VALUES (-10002, 'com.broadleafcommerce.pricelist.domain.PriceList', -10002);
INSERT INTO BLC_ADMIN_PERMISSION_ENTITY (ADMIN_PERMISSION_ENTITY_ID, CEILING_ENTITY, ADMIN_PERMISSION_ID) VALUES (-10003, 'com.broadleafcommerce.pricelist.domain.PriceList', -10003);
INSERT INTO BLC_ADMIN_PERMISSION_ENTITY (ADMIN_PERMISSION_ENTITY_ID, CEILING_ENTITY, ADMIN_PERMISSION_ID) VALUES (-10004, 'com.broadleafcommerce.pricelist.domain.PriceList', -10004);

INSERT INTO BLC_ADMIN_PERMISSION_ENTITY (ADMIN_PERMISSION_ENTITY_ID, CEILING_ENTITY, ADMIN_PERMISSION_ID) VALUES (-10005, 'com.broadleafcommerce.pricelist.domain.PriceListRule', -10005);
INSERT INTO BLC_ADMIN_PERMISSION_ENTITY (ADMIN_PERMISSION_ENTITY_ID, CEILING_ENTITY, ADMIN_PERMISSION_ID) VALUES (-10006, 'com.broadleafcommerce.pricelist.domain.PriceListRule', -10006);
INSERT INTO BLC_ADMIN_PERMISSION_ENTITY (ADMIN_PERMISSION_ENTITY_ID, CEILING_ENTITY, ADMIN_PERMISSION_ID) VALUES (-10007, 'com.broadleafcommerce.pricelist.domain.PriceListRule', -10007);
INSERT INTO BLC_ADMIN_PERMISSION_ENTITY (ADMIN_PERMISSION_ENTITY_ID, CEILING_ENTITY, ADMIN_PERMISSION_ID) VALUES (-10008, 'com.broadleafcommerce.pricelist.domain.PriceListRule', -10008);
INSERT INTO BLC_ADMIN_PERMISSION_ENTITY (ADMIN_PERMISSION_ENTITY_ID, CEILING_ENTITY, ADMIN_PERMISSION_ID) VALUES (-10009, 'com.broadleafcommerce.pricelist.domain.PriceListRule', -10009);
INSERT INTO BLC_ADMIN_PERMISSION_ENTITY (ADMIN_PERMISSION_ENTITY_ID, CEILING_ENTITY, ADMIN_PERMISSION_ID) VALUES (-10010, 'com.broadleafcommerce.pricelist.domain.PriceListRuleCriteria', -10005);
INSERT INTO BLC_ADMIN_PERMISSION_ENTITY (ADMIN_PERMISSION_ENTITY_ID, CEILING_ENTITY, ADMIN_PERMISSION_ID) VALUES (-10011, 'com.broadleafcommerce.pricelist.domain.PriceListRuleCriteria', -10006);
INSERT INTO BLC_ADMIN_PERMISSION_ENTITY (ADMIN_PERMISSION_ENTITY_ID, CEILING_ENTITY, ADMIN_PERMISSION_ID) VALUES (-10012, 'com.broadleafcommerce.pricelist.domain.PriceListRuleCriteria', -10007);
INSERT INTO BLC_ADMIN_PERMISSION_ENTITY (ADMIN_PERMISSION_ENTITY_ID, CEILING_ENTITY, ADMIN_PERMISSION_ID) VALUES (-10013, 'com.broadleafcommerce.pricelist.domain.PriceListRuleCriteria', -10008);
INSERT INTO BLC_ADMIN_PERMISSION_ENTITY (ADMIN_PERMISSION_ENTITY_ID, CEILING_ENTITY, ADMIN_PERMISSION_ID) VALUES (-10014, 'com.broadleafcommerce.pricelist.domain.PriceListRuleCriteria', -10009);

INSERT INTO BLC_ADMIN_PERMISSION_ENTITY (ADMIN_PERMISSION_ENTITY_ID, CEILING_ENTITY, ADMIN_PERMISSION_ID) VALUES (-10015, 'com.broadleafcommerce.pricelist.domain.PriceModifier', -10005);
INSERT INTO BLC_ADMIN_PERMISSION_ENTITY (ADMIN_PERMISSION_ENTITY_ID, CEILING_ENTITY, ADMIN_PERMISSION_ID) VALUES (-10016, 'com.broadleafcommerce.pricelist.domain.PriceModifier', -10006);
INSERT INTO BLC_ADMIN_PERMISSION_ENTITY (ADMIN_PERMISSION_ENTITY_ID, CEILING_ENTITY, ADMIN_PERMISSION_ID) VALUES (-10017, 'com.broadleafcommerce.pricelist.domain.PriceModifier', -10007);
INSERT INTO BLC_ADMIN_PERMISSION_ENTITY (ADMIN_PERMISSION_ENTITY_ID, CEILING_ENTITY, ADMIN_PERMISSION_ID) VALUES (-10018, 'com.broadleafcommerce.pricelist.domain.PriceModifier', -10008);
INSERT INTO BLC_ADMIN_PERMISSION_ENTITY (ADMIN_PERMISSION_ENTITY_ID, CEILING_ENTITY, ADMIN_PERMISSION_ID) VALUES (-10019, 'com.broadleafcommerce.pricelist.domain.PriceModifier', -10009);

--
--
-- Mapping from Roles to permissions
--

INSERT INTO BLC_ADMIN_ROLE_PERMISSION_XREF (ADMIN_ROLE_ID, ADMIN_PERMISSION_ID) VALUES (-1,-10004);
INSERT INTO BLC_ADMIN_ROLE_PERMISSION_XREF (ADMIN_ROLE_ID, ADMIN_PERMISSION_ID) VALUES (-1,-10009);
INSERT INTO BLC_ADMIN_ROLE_PERMISSION_XREF (ADMIN_ROLE_ID, ADMIN_PERMISSION_ID) VALUES (-2,-10009);


INSERT INTO BLC_ADMIN_SECTION (ADMIN_SECTION_ID, CEILING_ENTITY, ADMIN_MODULE_ID, NAME, SECTION_KEY, URL, USE_DEFAULT_HANDLER) VALUES (-10000, 'com.broadleafcommerce.pricelist.domain.PriceList', -1, 'Price List', 'PriceList', '/pricelist', TRUE);
INSERT INTO BLC_ADMIN_SECTION (ADMIN_SECTION_ID, CEILING_ENTITY, ADMIN_MODULE_ID, NAME, SECTION_KEY, URL, USE_DEFAULT_HANDLER) VALUES (-10001, 'com.broadleafcommerce.pricelist.domain.PriceListRule', -1, 'Price List Rule', 'PriceListRule', '/pricelist-rule', TRUE);
INSERT INTO BLC_ADMIN_SECTION (ADMIN_SECTION_ID, CEILING_ENTITY, ADMIN_MODULE_ID, NAME, SECTION_KEY, URL, USE_DEFAULT_HANDLER) VALUES (-10002, 'com.broadleafcommerce.pricelist.domain.PriceModifier', -1, 'Price List Modifier', 'PriceListModifier', '/pricelist-modifier', TRUE);

--
--
-- Mapping from Sections to Permissions
--
--pricelist
INSERT INTO BLC_ADMIN_SEC_PERM_XREF (ADMIN_SECTION_ID, ADMIN_PERMISSION_ID) VALUES (-10000,-10000);
INSERT INTO BLC_ADMIN_SEC_PERM_XREF (ADMIN_SECTION_ID, ADMIN_PERMISSION_ID) VALUES (-10000,-10001);
INSERT INTO BLC_ADMIN_SEC_PERM_XREF (ADMIN_SECTION_ID, ADMIN_PERMISSION_ID) VALUES (-10000,-10002);
INSERT INTO BLC_ADMIN_SEC_PERM_XREF (ADMIN_SECTION_ID, ADMIN_PERMISSION_ID) VALUES (-10000,-10003);
INSERT INTO BLC_ADMIN_SEC_PERM_XREF (ADMIN_SECTION_ID, ADMIN_PERMISSION_ID) VALUES (-10000,-10004);
--pricelistRules
INSERT INTO BLC_ADMIN_SEC_PERM_XREF (ADMIN_SECTION_ID, ADMIN_PERMISSION_ID) VALUES (-10001,-10005);
INSERT INTO BLC_ADMIN_SEC_PERM_XREF (ADMIN_SECTION_ID, ADMIN_PERMISSION_ID) VALUES (-10001,-10006);
INSERT INTO BLC_ADMIN_SEC_PERM_XREF (ADMIN_SECTION_ID, ADMIN_PERMISSION_ID) VALUES (-10001,-10007);
INSERT INTO BLC_ADMIN_SEC_PERM_XREF (ADMIN_SECTION_ID, ADMIN_PERMISSION_ID) VALUES (-10001,-10008);
INSERT INTO BLC_ADMIN_SEC_PERM_XREF (ADMIN_SECTION_ID, ADMIN_PERMISSION_ID) VALUES (-10001,-10009);

