--
-- The Archetype is configured with "hibernate.hbm2ddl.auto" value="create-drop" in "persistence.xml".
--
-- This will cause hibernate to populate the database when the application is started by processing the files that
-- were configured in the hibernate.hbm2ddl.import_files property.
--
-- This file is responsible for loading the permissions for pricelist module.
--

INSERT INTO BLC_ADMIN_PERMISSION (ADMIN_PERMISSION_ID, DESCRIPTION, NAME, PERMISSION_TYPE) VALUES (64,'Create PriceList','PERMISSION_CREATE_PRICELIST', 'CREATE');
INSERT INTO BLC_ADMIN_PERMISSION (ADMIN_PERMISSION_ID, DESCRIPTION, NAME, PERMISSION_TYPE) VALUES (65,'Update PriceList','PERMISSION_UPDATE_PRICELIST', 'UPDATE');
INSERT INTO BLC_ADMIN_PERMISSION (ADMIN_PERMISSION_ID, DESCRIPTION, NAME, PERMISSION_TYPE) VALUES (66,'Delete PriceList','PERMISSION_DELETE_PRICELIST', 'DELETE');
INSERT INTO BLC_ADMIN_PERMISSION (ADMIN_PERMISSION_ID, DESCRIPTION, NAME, PERMISSION_TYPE) VALUES (67,'Read PriceList','PERMISSION_READ_PRICELIST', 'READ');
INSERT INTO BLC_ADMIN_PERMISSION (ADMIN_PERMISSION_ID, DESCRIPTION, NAME, PERMISSION_TYPE) VALUES (68,'All PriceList','PERMISSION_ALL_PRICELIST', 'ALL');

INSERT INTO BLC_ADMIN_PERMISSION (ADMIN_PERMISSION_ID, DESCRIPTION, NAME, PERMISSION_TYPE) VALUES (79,'Create PriceList Rules','PERMISSION_CREATE_PRICELISTRULE', 'CREATE');
INSERT INTO BLC_ADMIN_PERMISSION (ADMIN_PERMISSION_ID, DESCRIPTION, NAME, PERMISSION_TYPE) VALUES (80,'Update PriceList Rules','PERMISSION_UPDATE_PRICELISTRULE', 'UPDATE');
INSERT INTO BLC_ADMIN_PERMISSION (ADMIN_PERMISSION_ID, DESCRIPTION, NAME, PERMISSION_TYPE) VALUES (81,'Delete PriceList Rules','PERMISSION_DELETE_PRICELISTRULE', 'DELETE');
INSERT INTO BLC_ADMIN_PERMISSION (ADMIN_PERMISSION_ID, DESCRIPTION, NAME, PERMISSION_TYPE) VALUES (82,'Read PriceList Rules','PERMISSION_READ_PRICELISTRULE', 'READ');
INSERT INTO BLC_ADMIN_PERMISSION (ADMIN_PERMISSION_ID, DESCRIPTION, NAME, PERMISSION_TYPE) VALUES (83,'All PriceList Rules','PERMISSION_ALL_PRICELISTRULE', 'ALL');


INSERT INTO BLC_ADMIN_PERMISSION_ENTITY (ADMIN_PERMISSION_ENTITY_ID, CEILING_ENTITY, ADMIN_PERMISSION_ID) VALUES (225, 'com.broadleafcommerce.pricelist.domain.PriceList', 64);
INSERT INTO BLC_ADMIN_PERMISSION_ENTITY (ADMIN_PERMISSION_ENTITY_ID, CEILING_ENTITY, ADMIN_PERMISSION_ID) VALUES (226, 'com.broadleafcommerce.pricelist.domain.PriceList', 65);
INSERT INTO BLC_ADMIN_PERMISSION_ENTITY (ADMIN_PERMISSION_ENTITY_ID, CEILING_ENTITY, ADMIN_PERMISSION_ID) VALUES (227, 'com.broadleafcommerce.pricelist.domain.PriceList', 66);
INSERT INTO BLC_ADMIN_PERMISSION_ENTITY (ADMIN_PERMISSION_ENTITY_ID, CEILING_ENTITY, ADMIN_PERMISSION_ID) VALUES (228, 'com.broadleafcommerce.pricelist.domain.PriceList', 67);
INSERT INTO BLC_ADMIN_PERMISSION_ENTITY (ADMIN_PERMISSION_ENTITY_ID, CEILING_ENTITY, ADMIN_PERMISSION_ID) VALUES (229, 'com.broadleafcommerce.pricelist.domain.PriceList', 68);

--
--

INSERT INTO BLC_ADMIN_PERMISSION_ENTITY (ADMIN_PERMISSION_ENTITY_ID, CEILING_ENTITY, ADMIN_PERMISSION_ID) VALUES (240, 'com.broadleafcommerce.pricelist.domain.PriceListRule', 79);
INSERT INTO BLC_ADMIN_PERMISSION_ENTITY (ADMIN_PERMISSION_ENTITY_ID, CEILING_ENTITY, ADMIN_PERMISSION_ID) VALUES (241, 'com.broadleafcommerce.pricelist.domain.PriceListRule', 80);
INSERT INTO BLC_ADMIN_PERMISSION_ENTITY (ADMIN_PERMISSION_ENTITY_ID, CEILING_ENTITY, ADMIN_PERMISSION_ID) VALUES (242, 'com.broadleafcommerce.pricelist.domain.PriceListRule', 81);
INSERT INTO BLC_ADMIN_PERMISSION_ENTITY (ADMIN_PERMISSION_ENTITY_ID, CEILING_ENTITY, ADMIN_PERMISSION_ID) VALUES (243, 'com.broadleafcommerce.pricelist.domain.PriceListRule', 82);
INSERT INTO BLC_ADMIN_PERMISSION_ENTITY (ADMIN_PERMISSION_ENTITY_ID, CEILING_ENTITY, ADMIN_PERMISSION_ID) VALUES (244, 'com.broadleafcommerce.pricelist.domain.PriceListRule', 83);
INSERT INTO BLC_ADMIN_PERMISSION_ENTITY (ADMIN_PERMISSION_ENTITY_ID, CEILING_ENTITY, ADMIN_PERMISSION_ID) VALUES (245, 'com.broadleafcommerce.pricelist.domain.PriceListRuleCriteria', 79);
INSERT INTO BLC_ADMIN_PERMISSION_ENTITY (ADMIN_PERMISSION_ENTITY_ID, CEILING_ENTITY, ADMIN_PERMISSION_ID) VALUES (246, 'com.broadleafcommerce.pricelist.domain.PriceListRuleCriteria', 80);
INSERT INTO BLC_ADMIN_PERMISSION_ENTITY (ADMIN_PERMISSION_ENTITY_ID, CEILING_ENTITY, ADMIN_PERMISSION_ID) VALUES (247, 'com.broadleafcommerce.pricelist.domain.PriceListRuleCriteria', 81);
INSERT INTO BLC_ADMIN_PERMISSION_ENTITY (ADMIN_PERMISSION_ENTITY_ID, CEILING_ENTITY, ADMIN_PERMISSION_ID) VALUES (248, 'com.broadleafcommerce.pricelist.domain.PriceListRuleCriteria', 82);
INSERT INTO BLC_ADMIN_PERMISSION_ENTITY (ADMIN_PERMISSION_ENTITY_ID, CEILING_ENTITY, ADMIN_PERMISSION_ID) VALUES (249, 'com.broadleafcommerce.pricelist.domain.PriceListRuleCriteria', 83);

INSERT INTO BLC_ADMIN_PERMISSION_ENTITY (ADMIN_PERMISSION_ENTITY_ID, CEILING_ENTITY, ADMIN_PERMISSION_ID) VALUES (260, 'com.broadleafcommerce.pricelist.domain.PriceModifier', 79);
INSERT INTO BLC_ADMIN_PERMISSION_ENTITY (ADMIN_PERMISSION_ENTITY_ID, CEILING_ENTITY, ADMIN_PERMISSION_ID) VALUES (261, 'com.broadleafcommerce.pricelist.domain.PriceModifier', 80);
INSERT INTO BLC_ADMIN_PERMISSION_ENTITY (ADMIN_PERMISSION_ENTITY_ID, CEILING_ENTITY, ADMIN_PERMISSION_ID) VALUES (262, 'com.broadleafcommerce.pricelist.domain.PriceModifier', 81);
INSERT INTO BLC_ADMIN_PERMISSION_ENTITY (ADMIN_PERMISSION_ENTITY_ID, CEILING_ENTITY, ADMIN_PERMISSION_ID) VALUES (263, 'com.broadleafcommerce.pricelist.domain.PriceModifier', 82);
INSERT INTO BLC_ADMIN_PERMISSION_ENTITY (ADMIN_PERMISSION_ENTITY_ID, CEILING_ENTITY, ADMIN_PERMISSION_ID) VALUES (264, 'com.broadleafcommerce.pricelist.domain.PriceModifier', 83);

--
--
-- Mapping from Roles to permissions
--

INSERT INTO BLC_ADMIN_ROLE_PERMISSION_XREF (ADMIN_ROLE_ID, ADMIN_PERMISSION_ID) VALUES (1,68);

INSERT INTO BLC_ADMIN_ROLE_PERMISSION_XREF (ADMIN_ROLE_ID, ADMIN_PERMISSION_ID) VALUES (1,83);
INSERT INTO BLC_ADMIN_ROLE_PERMISSION_XREF (ADMIN_ROLE_ID, ADMIN_PERMISSION_ID) VALUES (2,83);


INSERT INTO BLC_ADMIN_SECTION (ADMIN_SECTION_ID, CEILING_ENTITY, ADMIN_MODULE_ID, NAME, SECTION_KEY, URL, USE_DEFAULT_HANDLER) VALUES (26, 'com.broadleafcommerce.pricelist.domain.PriceList', 1, 'Price List', 'PriceList', '/pricelist', TRUE);
INSERT INTO BLC_ADMIN_SECTION (ADMIN_SECTION_ID, CEILING_ENTITY, ADMIN_MODULE_ID, NAME, SECTION_KEY, URL, USE_DEFAULT_HANDLER) VALUES (27, 'com.broadleafcommerce.pricelist.domain.PriceListRule', 1, 'Price List Rule', 'PriceListRule', '/pricelist-rule', TRUE);
INSERT INTO BLC_ADMIN_SECTION (ADMIN_SECTION_ID, CEILING_ENTITY, ADMIN_MODULE_ID, NAME, SECTION_KEY, URL, USE_DEFAULT_HANDLER) VALUES (28, 'com.broadleafcommerce.pricelist.domain.PriceModifier', 1, 'Price List Modifier', 'PriceListModifier', '/pricelist-modifier', TRUE);

--
--
-- Mapping from Sections to Permissions
--
--pricelist
INSERT INTO BLC_ADMIN_SEC_PERM_XREF (ADMIN_SECTION_ID, ADMIN_PERMISSION_ID) VALUES (26,64);
INSERT INTO BLC_ADMIN_SEC_PERM_XREF (ADMIN_SECTION_ID, ADMIN_PERMISSION_ID) VALUES (26,65);
INSERT INTO BLC_ADMIN_SEC_PERM_XREF (ADMIN_SECTION_ID, ADMIN_PERMISSION_ID) VALUES (26,66);
INSERT INTO BLC_ADMIN_SEC_PERM_XREF (ADMIN_SECTION_ID, ADMIN_PERMISSION_ID) VALUES (26,67);
INSERT INTO BLC_ADMIN_SEC_PERM_XREF (ADMIN_SECTION_ID, ADMIN_PERMISSION_ID) VALUES (26,68);
--pricelistRules
INSERT INTO BLC_ADMIN_SEC_PERM_XREF (ADMIN_SECTION_ID, ADMIN_PERMISSION_ID) VALUES (27,79);
INSERT INTO BLC_ADMIN_SEC_PERM_XREF (ADMIN_SECTION_ID, ADMIN_PERMISSION_ID) VALUES (27,80);
INSERT INTO BLC_ADMIN_SEC_PERM_XREF (ADMIN_SECTION_ID, ADMIN_PERMISSION_ID) VALUES (27,81);
INSERT INTO BLC_ADMIN_SEC_PERM_XREF (ADMIN_SECTION_ID, ADMIN_PERMISSION_ID) VALUES (27,82);
INSERT INTO BLC_ADMIN_SEC_PERM_XREF (ADMIN_SECTION_ID, ADMIN_PERMISSION_ID) VALUES (27,83);

